{
    "welcome_string": "Welcome to our workshop!",
    "quiz_title": "Which member of the Rose family are you?",
    "submit_button": "WHO AM I?",
    "number_of_questions": 7,
    "congrats": "congrats, you're...",
    "error": "please go back and answer all questions",
    "outcomes": {
        "moira": {
            "img": "img/m.jpg",
            "text": "you have a tendency to over-exaggerate and self-indulge, but your charisma and talent make up for it"
        },
        "alexis": {
            "img": "img/a.jpg",
            "text": "you're a social butterfly, loove your green smoothies, and are always up for gossiping"
        },
        "johnny": {
            "img": "img/j.jpg",
            "text": "you're a hardworker, super loyal, and just want some nice family time "
        },
        "david": {
            "img": "img/d.jpg",
            "text": "you're not afraid to tell it like it is and you love a designer sweater in the summer. and you can't ride a bike."
        }
    },
    "questions": [
        {
            "question_name": "Pick a Kardashian/Jenner:",
            "question_img_url": "img/header-img.png",
            "name": "kardashian",
            "choices": [
                {
                    "caption": "Kim",
                    "img": "img/kim.jpg",
                    "value": "moira"
                },
                {
                    "caption": "Kylie",
                    "img": "img/kylie.jpg",
                    "value": "alexis"
                },
                {
                    "caption": "Kris",
                    "img": "img/kris.jpeg",
                    "value": "johnny"
                },
                {
                    "caption": "Khloe",
                    "img": "img/khloe.jpeg",
                    "value": "david"
                }
            ]
        },
        {
            "question_name": "What would you eat for breakfast?",
            "question_img_url": "img/header-img.png",
            "name": "breakfast",
            "choices": [
                {
                    "caption": "green juice",
                    "img": "img/greenjuice.jpg",
                    "value": "alexis"
                },
                {
                    "caption": "egg white omlette",
                    "img": "img/eggwhite.jpeg",
                    "value": "david"
                },
                {
                    "caption": "a bloody mary",
                    "img": "img/bloodymary.jpg",
                    "value": "moira"
                },
                {
                    "caption": "waffles",
                    "img": "img/waffle.jpg",
                    "value": "johnny"
                }
            ]
        },
        {
            "question_name": "Which Alexis do you identify with most?",
            "question_img_url": "img/header-img.png",
            "name": "alexis",
            "choices": [
                {
                    "img": "img/alexis-j.png",
                    "value": "johnny"
                },
                {
                    "img": "img/alexis-m.png",
                    "value": "moira"
                },
                {
                    "img": "img/alexis-a.png",
                    "value": "alexis"
                },
                {
                    "img": "img/alexis-d.png",
                    "value": "david"
                }
            ]
        },
        {
            "question_name": "Pick a designer brand:",
            "question_img_url": "img/header-img.png",
            "name": "brand",
            "choices": [
                {
                    "caption": "Isabel Marant",
                    "img": "img/im.jpg",
                    "value": "alexis"
                },
                {
                    "caption": "Alexander McQueen",
                    "img": "img/amq.jpg",
                    "value": "moira"
                },
                {
                    "caption": "Helmut Lang",
                    "img": "img/hl.jpg",
                    "value": "david"
                },
                {
                    "caption": "No clue",
                    "value": "johnny"
                }
            ]
        },
        {
            "question_name": "Who is your icon?",
            "question_img_url": "img/header-img.png",
            "name": "celeb",
            "choices": [
                {
                    "caption": "Barbara Streisand",
                    "img": "img/babs.jpg",
                    "value": "moira"
                },
                {
                    "caption": "Mariah Carey",
                    "img": "img/mariah.jpg",
                    "value": "david"
                },
                {
                    "caption": "Bruce Springstein",
                    "img": "img/bruce.jpg",
                    "value": "johnny"
                },
                {
                    "caption": "Paris Hilton",
                    "img": "img/parishilton.jpg",
                    "value": "alexis"
                }
            ]
        },
        {
            "question_name": "Pick a Moira Rose quote:",
            "question_img_url": "img/header-img.png",
            "name": "moira",
            "choices": [
                {
                    "caption": "&#34I&#39m eating egg whites and hoping the building will collapse.&#34",
                    "value": "david"
                },
                {
                    "caption": "&#34Stop acting like a disgruntled pelican.&#34",
                    "value": "johnny"
                },
                {
                    "caption": "&#34While I can&#39t pretend to fully understand them, at least I can pretend to care!&#34",
                    "value": "alexis"
                },
                {
                    "caption": "&#34Oh i'd kill for a good coma right now&#34",
                    "value": "moira"
                }
            ]
        },
        {
            "question_name": "What is your ideal vacation?",
            "question_img_url": "img/header-img.png",
            "name": "vacation",
            "choices": [
                {
                    "caption": "With the family",
                    "img": "img/roses.jpg",
                    "value": "johnny"
                },
                {
                    "caption": "Mykonos",
                    "img": "img/mykonos.jpg",
                    "value": "alexis"
                },
                {
                    "caption": "Paris fashion week",
                    "img": "img/paris.jpeg",
                    "value": "david"
                },
                {
                    "caption": "Dubai",
                    "img": "img/dubai.jpg",
                    "value": "moira"
                }
            ]
        }
    ]
}